student_id,ability
0,1.4592304
1,3.7716236
2,1.1404517
3,0.77680427
4,-3.3784246
5,1.7317845
6,-1.3650309
7,0.92556316
8,0.95735115
9,-0.12508358
10,-1.8937584
11,0.77154607
