student_id,ability
0,0.8330258727073669
1,0.9942814707756042
2,0.8037337064743042
3,0.7687307596206665
4,-0.2179844230413437
5,0.8764722943305969
6,0.11068633198738098
7,0.7508231997489929
8,0.7647237181663513
9,0.4418889880180359
10,-0.05584479868412018
11,0.6786850094795227
