student_id,ability
0,5.9972925
1,11.160373
2,8.005062
3,11.370697
4,-7.100739
5,7.453893
6,-1.8789014
7,6.120192
8,4.241431
9,0.50749844
10,-3.8626797
11,2.830251
